type,expansion,name,id,cost,effect,keywords
Relic,Nameless,Flüssig-Hammer,MoltenHammer,5,"
      <p>
        Erhalte 1 Energie.<br />
        Wähle 1 Spieler. Dieser Spieler darf 1 Karte seiner Wahl auf seiner Hand 
        oder die oberste Karte seines Ablagestapels zerstören.
      </p>
    ",[]
Spell,Nameless,Ausstrahlung,Radiance,8,"
      <p>
        <b>Wirken:</b> Füge 5 Schaden zu.<br />
        Jeder andere Spieler zieht 1 Karte.
      </p>
    ",[]
Spell,Nameless,Feuerbrunst,Blaze,4,"
      <p>
        <b>Einmalig bei Erwerb:</b><br />
        Wähle 1 Spieler und lege diesen Zauber auf seinen Ablagestapel.<br />
        <b>Wirken:</b> Füge 2 Schaden zu.<br />
        +1 Schaden für jeden anderen deiner gebundenen und gerade gewirkten Feuersbrunst-Zauber.
      </p>
    ",[]
Spell,Nameless,Blitz Der Vorsehung,ScryingBolt,6,"
      <p>
        <b>Wirken:</b> Füge 5 Schaden zu.<br />
        Wirfst du jetzt 1 Energie ab? Sieh dir die obersten 2 Karten des Erzfeind- Stapels an 
        und lege sie in einer Reihenfolge deiner Wahl zurück.
      </p>
    ",[]
Spell,Nameless,Mal Des Weisen,SagesBrand,7,"
      <p>
        <b>Dauerhaft:</b> Dieser Zauber muss auf 2 an einandergrenzende Risse gebunden werden. Beide Risse sind damit nicht mehr frei.<br />
        <b>Gebunden:</b> Ziehe in deinem Schritt <i>Karten ziehen</i> 1 Karte mehr.<br />
        <b>Wirken:</b> Füge 6 Schaden zu.
      </p>
    ",[]
Gem,Nameless,Blutsauger-Achat,LeechingAgate,3,"
      <p>
        <b>Einmalig bei Erwerb:</b><br />
        Erhalte 1 Energie.<br />
        Erhalte 2 <span class=""aether"">&AElig;</span>.
      </p>
    ",[]
Relic,Nameless,Zeitspirale,TemporalHelix,7,"
      <p>
        Wähle 1 anderen Spieler und wirke 1 seiner gebundenen Zauber. Der Zauber bleibt gebunden.
      </p>
    ",[]
