type,expansion,name,id,cost,effect,keywords
Spell,Depths,Void Bond,VoidBond,4,"
      <p>
      <b>Cast:</b> Deal 3 damage.<br/>
      You may cast any player's prepped spell.
        </p>
      ",[]
Spell,Depths,Combustion,Combustion,5,"
      <p>
      <b>Cast:</b> Deal 2 damage to a minion.<br/>
      Deal 2 damage to a different minion or the nemesis.<br/>
      <span class=""hint"">Effects that modify damage affect both instances 
      of damage this spell deals.
      </span>
        </p>
        ",[]
Relic,Depths,Vim Dynamo,VimDynamo,4,"
      <p>
        Suffer 1 damage. Any player draws two cards.
          <span class=""or"">OR</span>
        Destroy this. Any player gains 2 life and 1 charge.
      </p>
        ",[]
Spell,Depths,Disintegrating Scythe,DisintegratingScythe,7,"
      <p>
      <b>Cast:</b> Deal 8 damage.<br/>
        Suffer 1 damage. Instead of discarding this, destroy it or place it 
        on top of any player's discard pile.
        </p>
        ",[]
Spell,Depths,Monstrous Inferno,MonstrousInferno,8,"
      <p>
        This spell must be prepped to two adjacent breaches so that this card 
        touches both breaches. This fully occupies both breaches.<br/>
        <b>Cast:</b> Deal 7 damage divided however you choose to the nemesis 
        and any number of minions.
        </p>
        ",[]
Spell,Depths,Devouring Shadow,DevouringShadow,6,"
      <p>
        While prepped, once per turn during your main phase you may 
        destroy a card in hand.<br/>
        <b>Cast:</b> Deal 3 damage.
        </p>
        ",[]
Gem,Depths,Banishing Topaz,BanishingTopaz,5,"
      <p>
      Gain 2 <span class=""aether"">&AElig;</span>.<br/>
      You may place any card in hand on top of your deck. If you do, 
      gain an additional 2 <span class=""aether"">&AElig;</span>.
      </p>
      ",[]
Relic,Depths,Transmogrifier,Transmogrifier,4,"
      <p>
        Destory a card in hand.<br/>
        You may gain a card from any supply pile that costs up to 
        3 <span class=""aether"">&AElig;</span> more than the destroyed card.
      </p>
        ",[]
