expansion,name,id,mageTitle,ability,numberOfCharges,uniqueStarters
AE,Adelheim,Adelheim,Kowal Magii Bram,"
        <h2>Eteryczny Krąg</h2>
        <p class=""ability-activation"">Użyj podczas fazy dobierania Nemezis:</p>
        <p>Po dobraniu karty Mocy lub Ataku możesz ją odrzucić, bez rozpatrywania jej efektu.
        <span class=""hint"">(Nemezis nie dobiera karty zastępczej)</span></p>
      ",5,"[{""type"":""Gem"",""name"":""Odłamek Ametystu"",""expansion"":""AE"",""id"":""AmethystShard"",""cost"":0,""effect"":""\n            <p>\n              Otrzymujesz 1 <span class=\""aether\"">&AElig;</span>.<br/>\n              Dowolny sojusznik może dobrać kartę z talii, a następnie odrzucić jedną kartę z ręki.\n            </p>\n          "",""keywords"":[]}]"
AE,Brima,Brama,Starsza Magini Bram,"
        <h2>Skraj Wytrzymałości</h2>
        <p class=""ability-activation"">Użyj podczas swojej fazy głównej:</p>
        <p>Dowolny gracz odzyskuje 4 życia.</p>
      ",5,"[{""type"":""Spell"",""name"":""Pogrzebany Blask"",""expansion"":""AE"",""id"":""BuriedLight"",""cost"":0,""effect"":""\n            <p>\n              <b>Aktywacja:</b> Zadaj 1 obrażenie.<br/>\n              Otrzymujesz 1 <span class=\""aether\"">&AElig;</span>.\n            </p>\n          "",""keywords"":[]}]"
AE,Jian,Jian,Osierocona Magini Bram,"
        <h2>Czarne Lustro</h2>
        <p class=""ability-activation"">Użyj podczas swojej fazy głównej:</p>
        <p>Aktywuj przygotowane Zaklęcie dowolnego gracza, bez odrzucania go.</p>
        <p>Następnie, ponownie aktywuj to Zaklęcie.
        <span class=""hint"">(Po tym należy je odrzucić.)</span></p>
      ",4,"[{""type"":""Gem"",""name"":""Kamień Księżycowy"",""expansion"":""AE"",""id"":""MoonstoneShard"",""cost"":0,""effect"":""\n            <p>\n              Otrzymujesz 1 <span class=\""aether\"">&AElig;</span>.<br/>\n              Otrzymujesz dodatkowo 1 <span class=\""aether\"">&AElig;</span>, który może zostać wykorzystany wyłącznie do pozyskania Klejnotu.\n            </p>\n          "",""keywords"":[]}]"
AE,Kadir,Kadir,Poszukiwaczka Magów Bram,"
        <h2>Pozaziemskie Wrota</h2>
        <p class=""ability-activation"">Użyj podczas fazy głównej dowolnego gracza:</p>
        <p>Ten gracz może przywrócić na rękę do trzech Zaklęć ze swojego stosu kart odrzuconych.
        Ponadto może podczas tej tury przygotować po dwa Zaklęcia na każdej otwartej Bramie.</p>
      ",5,"[{""type"":""Gem"",""name"":""Odłamek Szmaragdu"",""expansion"":""AE"",""id"":""EmeraldShard"",""cost"":0,""effect"":""\n            <p>\n              Otrzymujesz 1 <span class=\""aether\"">&AElig;</span>.\n              <span class=\""or\"">ALBO</span>\n              Dowolny gracz otrzymuje 1 punkt życia.\n            </p>\n          "",""keywords"":[]}]"
AE,Lash,Lash,Zwiadowca Magów Bram,"
        <h2>Przyspieszone Myśli</h2>
        <p class=""ability-activation"">Użyj podczas fazy głównej dowolnego gracza:</p>
        <p>Wtasuj kartę tury dowolnego gracza do talii tur. Ten gracz otrzymuje 1 obrażenie. 
        <span class=""hint"">(Nie możesz wybrać karty tury oznaczonej symbolem ""X"").</span></p>
      ",5,"[{""type"":""Gem"",""name"":""Odłamek Kwarcu"",""expansion"":""AE"",""id"":""QuartzShard"",""cost"":0,""effect"":""\n            <p>\n              Otrzymujesz 1 <span class=\""aether\"">&AElig;</span>.<br/>\n              Odkryj wierzchnią kartę z talii tur. Możesz ją umieścić na spodzie lub na wierzchu talii tur.\n              Jeżeli odkryłeś kartę tury gracza, otrzymujesz dodatkowo 1 <span class=\""aether\"">&AElig;</span>.\n            </p>\n          "",""keywords"":[]}]"
AE,Mist,Mist,Kapitan Magów Bram,"
        <h2>Boska Przepowiednia</h2>
        <p class=""ability-activation"">Użyj podczas swojej fazy głównej:</p>
        <p>Dowolny sojusznik dobiera cztery karty.</p>
      ",5,"[{""type"":""Gem"",""name"":""Odłamek Granatu"",""expansion"":""AE"",""id"":""Garnet Shard"",""cost"":0,""effect"":""\n            <p>\n              Otrzymujesz 1 <span class=\""aether\"">&AElig;</span>.\n              <span class=\""or\"">ALBO</span>\n              Aktywuj przygotowane Zaklęcie dowolnego gracza.\n            </p>\n          "",""keywords"":[]}]"
AE,Phaedraxa,Phaedraxa,Prorokini Magii Bram,"
        <h2>Runa Augura</h2>
        <p class=""ability-activation"">Użyj natychmiast po tym jak zostanie dobrana karta tury:</p>
        <p>Anuluj obrażenia zadane graczom i Gravehold podczas tej tury.</p>
      ",5,"[{""type"":""Gem"",""name"":""Odłamek Turmalinu"",""expansion"":""AE"",""id"":""TourmalineShard"",""cost"":0,""effect"":""\n            <p>\n              Otrzymujesz 1 <span class=\""aether\"">&AElig;</span>.<br/>\n              Dowolny sojusznik może otrzymać 1 obrażenie, aby zniszczyć kartę na swojej ręce.\n            </p>\n          "",""keywords"":[]}]"
AE,Xaxos,Xaxos,Uczeń Magii Bram,"
        <h2>Metafizyczne Ogniwo</h2>
        <p class=""ability-activation"">Użyj podczas fazy głównej dowolnego gracza:</p>
        <p>Sojusznicy otrzymują łącznie 4 Ładunki do podziału. Odkryj karty z talii tur, 
        a następnie ułóż z nich talię tur w dowolnej kolejności.</p>
      ",5,"[{""type"":""Spell"",""name"":""Blask"",""expansion"":""AE"",""id"":""Flare"",""cost"":0,""effect"":""\n            <p>\n              <b>Aktywacja:</b> Odkryj wierzchnią kartę z talii tur, a następnie odłóż ją na miejsce.\n              Jeżeli odkryłeś kartę tury gracza, zadaj 3 obrażenia. W przeciwnym razie, zadaj 1 obrażenie.\n            </p>\n          "",""keywords"":[]}]"
