expansion,name,id,mageTitle,ability,numberOfCharges,uniqueStarters
TV,Sparrow,Sparrow,Breach Mage Soldier,"
        <h2>Eldritch Tether</h2>
        <p class=""ability-activation"">Activate during your casting or main phase:</p>
        <p>Focus any player's breach. Repeat this three additional times.
        <span class=""or"">OR</span>
        Any ally with no closed breaches draws three cards and then 
        preps up to three spells from their hand.</p>",5,"[{""type"":""Spell"",""name"":""Smolder"",""expansion"":""TV"",""id"":""Smolder"",""cost"":0,""effect"":""\n            <p>\n              This spell may be prepped to a closed breach without focusing it.<br/>\n              <b>Cast:</b> Deal 1 damage.\n            </p>\n          "",""keywords"":[]}]"
TV,XaxosTV,XaxosTV,Voidbringer,"
        <h2>Praetorian Halo</h2>
        <p class=""ability-activation"">Activate during your casting or main phase:</p>
        <p>Any ally gains 1 charge and discards a random card in hand. Focus 
        one of your breaches. Gain 1 life. Destroy a card in your hand or 
        discard pile.</p>",4,"[{""type"":""Spell"",""name"":""Pyre"",""expansion"":""TV"",""id"":""Pyre"",""cost"":0,""effect"":""\n            <p>\n              <b>Cast:</b> Deal 1 damage.<br/>\n              Any ally may discard a card in hand. If they do, \n              deal 2 additional damage.\n            </p>\n          "",""keywords"":[]}]"
