expansion,name,id,mageTitle,ability,numberOfCharges,uniqueStarters
WE,Dezmodia,Dezmodia,Voidborn Prodigy,"
        <h2>Tempest Sigil</h2>
        <p class=""ability-activation"">Activate during your main phase:</p>
        <p>Any player destroys an opened I or II breach and 
        returns any spells prepped to that breach to their hand. 
        That player gains a Sigil breach and places it where the destroyed 
        breach was. Then, that player may prep a spell from their hand 
        to a breach.</p>",6,"[{""type"":""Gem"",""name"":""Oblivion Shared"",""expansion"":""WE"",""id"":""OblivionShared"",""cost"":0,""effect"":""\n            <p>\n              Gain 2 <span class=\""aether\"">&AElig;</span> that cannot be used \n              to gain a relic or spell.\n            </p>\n          "",""keywords"":[]}]"
WE,Garu,Garu,Oathsworn Protector,"
        <h2>Colossal Force</h2>
        <p class=""ability-activation"">Activate during your main phase:</p>
        <p>Discard up to four of your prepped spells.</p>
        <p>Deal 2 damage plus 4 additional damage for each spell you 
        discarded divided however you choose to the nemesis or any 
        number of minions.</p>",5,"[{""type"":""Spell"",""name"":""Torch"",""expansion"":""WE"",""id"":""Torch"",""cost"":0,""effect"":""\n            <p>\n              <b>Cast:</b> Deal 1 damage.\n              <span class=\""or\"">OR</span>\n              <b>Cast:</b> Focus any player's breach.\n            </p>\n          "",""keywords"":[]}]"
WE,Gex,Gex,Breach Mage Adviser,"
        <h2>Vimcraft Oath</h2>
        <p class=""ability-activation"">Activate during your main phase:</p>
        <p>Destroy up to two cards in your discard pile that cost 
        0 <span class=""aether"">&AElig;</span>.</p>
        <p>Any ally draws one card and gains 2 life.</p>",5,"[{""type"":""Gem"",""name"":""Shattered Geode"",""expansion"":""WE"",""id"":""ShatteredGeode"",""cost"":0,""effect"":""\n            <p>\n              Gain 1 <span class=\""aether\"">&AElig;</span>.<br/>\n              You may place the top card of any ally's discard pile into your hand.\n            </p>\n          "",""keywords"":[]}]"
WE,Mazahaedron,Mazahaedron,Henge Mystic,"
        <h2>Underearth Mantra</h2>
        <p class=""ability-activation"">Activate during your main phase:</p>
        <p>You may gain a gem that costs 4 <span class=""aether"">&AElig;</span> or 
        less from any supply pile.</p>
        <p>Gravehold gains 4 life.</p>",4,"[{""type"":""Gem"",""name"":""Worldheart Shard"",""expansion"":""WE"",""id"":""WorldheartShard"",""cost"":0,""effect"":""\n            <p>\n              Gain 1 <span class=\""aether\"">&AElig;</span>.\n              <span class=\""or\"">OR</span>\n              Gain 2 <span class=\""aether\"">&AElig;</span> that can only be used \n              to gain a card. Place the next card you gain this turn on top of \n              any ally's discard pile.\n            </p>\n          "",""keywords"":[]}]"
WE,MistWE,MistWE,Voidwalker,"
        <h2>Exalted Brand</h2>
        <p class=""ability-activation"">Activate during your main phase:</p>
        <p>Cast up to three different spells prepped by any number of players. 
        For each spell cast this way, place that spell into any ally's hand.</p>",6,"[{""type"":""Gem"",""name"":""Amethyst Paragon"",""expansion"":""WE"",""id"":""AmethystParagon"",""cost"":0,""effect"":""\n            <p>\n              Gain 1 <span class=\""aether\"">&AElig;</span>.<br/>\n              Any ally may prep a spell in hand to their opened or closed \n              breach(es).\n            </p>\n          "",""keywords"":[]}]"
WE,Quilius,Quilius,Breach Mage Assassin,"
        <h2>Quietus Vow</h2>
        <p class=""ability-activation"">Activate during your main phase:</p>
        <p>Deal 2 damage for each Trophy token you have.</p>",5,"[{""type"":""Spell"",""name"":""Extinguish"",""expansion"":""WE"",""id"":""Extinguish"",""cost"":0,""effect"":""\n            <p>\n              <b>Cast:</b> Deal 1 damage.<br/>\n              If this damage causes a minion from the nemesis deck to be \n              discarded, Quilius gains a Trophy token.\n            </p>\n          "",""keywords"":[]}]"
WE,Ulgimor,Ulgimor,Shadowkin Beast,"
        <h2>Eidolon Shroud</h2>
        <p class=""ability-activation"">Activate during your main phase:</p>
        <p>Gain 6 life.</p>
        <p>If you are exhausted, any ally gains 5 life instead.</p>",6,"[{""type"":""Gem"",""name"":""Coal Shard"",""expansion"":""WE"",""id"":""CoalShard"",""cost"":0,""effect"":""\n            <p>\n              If you have 2 life or less, destroy this. Otherwise, gain \n              3 <span class=\""aether\"">&AElig;</span>, gain 1 charge, and \n              suffer 2 damage.\n            </p>\n          "",""keywords"":[]}]"
WE,Yan Magda,YanMagda,Enlightened Exile,"
        <h2>Imperium Ritual</h2>
        <p class=""ability-activation"">Activate during your main phase:</p>
        <p>Gain a card from any supply pile. If you have four 
        opened breaches, any ally gains a card from any supply pile and 
        places it on top of their deck.</p>",5,"[{""type"":""Spell"",""name"":""Illuminate"",""expansion"":""WE"",""id"":""Illuminate"",""cost"":0,""effect"":""\n            <p>\n              While prepped, when you focus or open one of your breaches \n              during your turn, deal 1 damage.<br/>\n              <b>Cast:</b> Deal 1 damage.\n            </p>\n          "",""keywords"":[]}]"
