expansion,name,id,mageTitle,ability,numberOfCharges,uniqueStarters,complexityRating
TA,Mazra,Mazra,The Reader,"
        <h2>Research</h2>
        <p class=""ability-activation"">Activate during your main phase:</p>
        <p>Destroy a card with ""Mazra"" in its name in your hand. 
        Gain a card with ""Mazra"" in its name from the personal upgrade deck 
        that costs 3 <span class=""aether"">&AElig;</span> more than the destroyed card 
        and place that card into your hand.
        <span class=""or"">OR</span>
        Return to your hand all cards with ""Mazra"" in their name 
        in your discard pile.</p>",4,"[{""type"":""Spell"",""name"":""Mazra's Studies"",""expansion"":""TA"",""id"":""MazrasStudies"",""cost"":0,""effect"":""<p><b>Cast:</b> Deal 1 damage.\n            <span class=\""or\"">OR</span>\n            <b>Cast:</b> Focus your III breach.</p>"",""keywords"":[]}]",6
TA,Qu,Qu,Builder And Destroyer,"
        <h2>Duality Embrace</h2>
        <p class=""ability-activation"">Activate during your main phase:</p>
        <p>If you are in Destroyer form, cast up to two different spells prepped 
        by any number of players, and then flip over the Form token. 
        Otherwise, any player preps up to two spells in their discard pile 
        to their opened breaches, and then flip over the Form token.</p>",5,"[{""type"":""Relic"",""name"":""Change Form"",""expansion"":""TA"",""id"":""ChangeForm"",""cost"":0,""effect"":""<p>Qu flips over the Form token.</p>"",""keywords"":[]},{""type"":""Gem"",""name"":""MeldedRadite"",""expansion"":""TA"",""id"":""MeldedRadite"",""cost"":0,""effect"":""<p>Gain 0 <span class=\""aether\"">&AElig;</span>.<br/>\n            You may cast any player's prepped spell.</p>"",""keywords"":[]}]",8
