expansion,name,id,mageTitle,ability,numberOfCharges,uniqueStarters
TV,Sparrow,Sparrow,Żołnierz Magów Bram,"
        <h2>Niezwykła Więź</h2>
        <p class=""ability-activation"">Użyj podczas swojej fazy głównej:</p>
        <p>Wzmocnij Bramę dowolnego gracza. Powtórz to jeszcze trzy razy.
        <span class=""or"">ALBO</span>
        Dowolny sojusznik, który nie ma zamkniętych Bram, dobiera trzy karty, a następnie może przygotować do trzech Zaklęć ze swojej ręki.</p>",5,"[{""type"":""Spell"",""name"":""Zarzewie"",""expansion"":""TV"",""id"":""Smolder"",""cost"":0,""effect"":""\n            <p>\n              To Zaklęcie może być przygotowane na zamkniętej bramie bez jej wzmocnienia.<br/>\n              <b>Aktywacja:</b> Zadaj 1 obrażenie.\n            </p>\n          "",""keywords"":[]}]"
TV,XaxosTV,XaxosTV,Siewca Pustki,"
        <h2>Ochrona Poświata</h2>
        <p class=""ability-activation"">Użyj podczas swojej fazy głównej:</p>
        <p>Dowolny sojusznik otrzymuje 1 Ładunek i odrzuca losową kartę z ręki. Wzmocnij jedną ze swoich Bram. Otrzymujesz 1 punkt życia. 
        Zniszcz kartę ze swojej ręki lub stosu kart odrzuconych.</p>",4,"[{""type"":""Spell"",""name"":""Stos"",""expansion"":""TV"",""id"":""Pyre"",""cost"":0,""effect"":""\n            <p>\n              <b>Aktywacja:</b> Zadaj 1 obrażenie.<br/>\n              Dowolny sojusznik może odrzucić kartę z ręki. Jeżeli to zrobi, zadaj 2 dodatkowe obrażenia.\n            </p>\n          "",""keywords"":[]}]"
