expansion,name,id,mageTitle,ability,numberOfCharges,uniqueStarters
AE,Adelheim,Adelheim,Breach Mage Weaponsmith,"
        <h2>Aethereal Ward</h2>
        <p class=""ability-activation"">Activate during the nemesis draw phase:</p>
        <p>When a nemesis attack or power card is drawn but before it is resolved, 
        you may discard it. It has no effect.
        <span class=""hint"">(The nemesis does not draw a replacement card)</span></p>
      ",5,"[{""type"":""Gem"",""name"":""Amethyst Shard"",""expansion"":""AE"",""id"":""AmethystShard"",""cost"":0,""effect"":""\n            <p>\n              Gain 1 <span class=\""aether\"">&AElig;</span>.<br/>\n              Any ally may draw a card and then discard a card in hand.\n            </p>\n          "",""keywords"":[]}]"
AE,Brama,Brama,Breach Mage Elder,"
        <h2>Brink Siphon</h2>
        <p class=""ability-activation"">Activate during your main phase:</p>
        <p>Any player gains 4 life.</p>
      ",5,"[{""type"":""Spell"",""name"":""Buried Light"",""expansion"":""AE"",""id"":""BuriedLight"",""cost"":0,""effect"":""\n            <p>\n              <b>Cast:</b> Deal 1 damage.<br/>\n              Gain 1 <span class=\""aether\"">&AElig;</span>.\n            </p>\n          "",""keywords"":[]}]"
AE,Jian,Jian,Breach Mage Orphan,"
        <h2>Black Mirror</h2>
        <p class=""ability-activation"">Activate during your main phase:</p>
        <p>Cast any player's prepped spell without discarding it.</p>
        <p>Then cast that prepped spell again.
        <span class=""hint"">(Discard it afterward.)</span></p>
      ",4,"[{""type"":""Gem"",""name"":""Moonstone Shard"",""expansion"":""AE"",""id"":""MoonstoneShard"",""cost"":0,""effect"":""\n            <p>\n              Gain 1 <span class=\""aether\"">&AElig;</span>.<br/>\n              Gain an additional 1 <span class=\""aether\"">&AElig;</span> that can \n              only be used to gain a gem.\n            </p>\n          "",""keywords"":[]}]"
AE,Kadir,Kadir,Breach Mage Delver,"
        <h2>Otherworldly Gate</h2>
        <p class=""ability-activation"">Activate during any player's main phase:</p>
        <p>That player may return up to three spells in their discard pile 
        to their hand. That player may prep up to two spells to each 
        of their opened breaches this turn.</p>
      ",5,"[{""type"":""Gem"",""name"":""Emerald Shard"",""expansion"":""AE"",""id"":""EmeraldShard"",""cost"":0,""effect"":""\n            <p>\n              Gain 1 <span class=\""aether\"">&AElig;</span>.\n              <span class=\""or\"">OR</span>\n              Any player gains 1 life.\n            </p>\n          "",""keywords"":[]}]"
AE,Lash,Lash,Breach Mage Scout,"
        <h2>Quicken Thought</h2>
        <p class=""ability-activation"">Activate during any player's main phase:</p>
        <p>Shuffle any player's turn order card into the turn order deck. 
        That player suffers 1 damage. <span class=""hint"">(You may not choose the 
        wildcard turn order card.)</span></p>
      ",5,"[{""type"":""Gem"",""name"":""Quartz Shard"",""expansion"":""AE"",""id"":""QuartzShard"",""cost"":0,""effect"":""\n            <p>\n              Gain 1 <span class=\""aether\"">&AElig;</span>.<br/>\n              Reveal the top card of the turn order deck. You may place that card \n              on the bottom or the top of the turn order deck. If you revealed \n              a player turn order card, gain an additional 1 <span class=\""aether\"">&AElig;</span>.\n            </p>\n          "",""keywords"":[]}]"
AE,Mist,Mist,Dagger Captain,"
        <h2>Divine Augury</h2>
        <p class=""ability-activation"">Activate during your main phase:</p>
        <p>Any ally draws 4 cards.</p>
      ",5,"[{""type"":""Gem"",""name"":""Garnet Shard"",""expansion"":""AE"",""id"":""Garnet Shard"",""cost"":0,""effect"":""\n            <p>\n              Gain 1 <span class=\""aether\"">&AElig;</span>.\n              <span class=\""or\"">OR</span>\n              Cast any player's prepped spell.\n            </p>\n          "",""keywords"":[]}]"
AE,Phaedraxa,Phaedraxa,Breach Mage Seer,"
        <h2>Auspex Rune</h2>
        <p class=""ability-activation"">Activate immediately after a turn order card is drawn:</p>
        <p>Prevent any damage that the players or Gravehold would suffer during that turn.</p>
      ",5,"[{""type"":""Gem"",""name"":""Tourmaline Shard"",""expansion"":""AE"",""id"":""TourmalineShard"",""cost"":0,""effect"":""\n            <p>\n              Gain 1 <span class=\""aether\"">&AElig;</span>.<br/>\n              Any ally may suffer 1 damage. If they do, they destroy a card in hand.\n            </p>\n          "",""keywords"":[]}]"
AE,Xaxos,Xaxos,Breach Mage Adept,"
        <h2>Metaphysical Link</h2>
        <p class=""ability-activation"">Activate during any player's main phase:</p>
        <p>Allies collectively gain 4 charges. Reveal the turn order deck and return 
        the revealed cards in any order.</p>
      ",5,"[{""type"":""Spell"",""name"":""Flare"",""expansion"":""AE"",""id"":""Flare"",""cost"":0,""effect"":""\n            <p>\n              <b>Cast:</b> Reveal the top card of the turn order deck, \n              and then place it back on top of the turn order deck. If you \n              revealed a player turn order card, deal 3 damage. Otherwise, \n              deal 1 damage.\n            </p>\n          "",""keywords"":[]}]"
