expansion,name,id,mageTitle,ability,numberOfCharges,uniqueStarters
AE,Adelheim,Adelheim,Riss-Magier-Waffenschmied,"
        <h2>Aetherium Schutzwall</h2>
        <p class=""ability-activation"">Im ERZFEIND-ZUG während der <i>Erzfeind-Aktion</i>:</p>
        <p>Zieht ihr einen ANGRIFF oder PLAN? Wirf ihn ab. Er wird nicht ausgeführt und ihr zieht keinen Ersatz.</p>
      ",5,"[{""type"":""Gem"",""name"":""Amethyst-Scherbe"",""expansion"":""AE"",""id"":""AmethystShard"",""cost"":0,""effect"":""\n            <p>\n              Erhalte 1 <span class=\""aether\"">&AElig;</span>.<br/>\n              Wähle 1 anderen Spieler.<br />\n              Dieser Spieler darf 1 Karte ziehen und \n              dann 1 Karte seiner Wahl von der Hand abwerfen.\n            </p>\n          "",""keywords"":[]}]"
AE,Brama,Brama,Riss-Magier-Älteste,"
        <h2>Den Abgrund Abschöpfen</h2>
        <p class=""ability-activation"">In DEINEM SPIELER-ZUG während <i>Aktionen ausführen</i>:</p>
        <p>Wähle 1 Spieler, der 4 Leben heilt.</p>
      ",5,"[{""type"":""Spell"",""name"":""Verschüttetes Licht"",""expansion"":""AE"",""id"":""BuriedLight"",""cost"":0,""effect"":""\n            <p>\n              <b>Wirken:</b> Füge 1 Schaden zu.<br/>\n              Erhalte 1 <span class=\""aether\"">&AElig;</span> im Schritt <i>Aktionen ausführen</i>.\n            </p>\n          "",""keywords"":[]}]"
AE,Jian,Jian,Riss-Magier-Waise,"
        <h2>Schwarzer Spiegel</h2>
        <p class=""ability-activation"">In DEINEM SPIELER-ZUG während <i>Aktionen ausführen</i>:</p>
        <p>Wähle 1 anderen Spieler und wirke 1 seiner gebundenen Zauber. Der Zauber bleibt gebunden.</p>
        <p>Dann wirke diesen Zauber erneut
        <span class=""hint"">(und er wird abgelegt, wie üblich).</span></p>
      ",4,"[{""type"":""Gem"",""name"":""Mondstein-Scherbe"",""expansion"":""AE"",""id"":""MoonstoneShard"",""cost"":0,""effect"":""\n            <p>\n              Erhalte 1 <span class=\""aether\"">&AElig;</span>.<br/>\n              Erhalte 1 <span class=\""aether\"">&AElig;</span>, aber nur zum Erwerb von Kristallen.\n            </p>\n          "",""keywords"":[]}]"
AE,Kadir,Kadir,Riss-Magier-Forscherin,"
        <h2>Tor ins Anderseits</h2>
        <p class=""ability-activation"">Im SPIELER-ZUG DEINER WAHL während <i>Aktionen ausführen</i>:</p>
        <p>Der Spieler darf bis zu 3 Zauber aus seinem Ablagestapel zurück auf die Hand 
          nehmen. Dann darf er bis zu 2 Zauber an jeden seiner 
          aktiven Risse binden.</p>
      ",5,"[{""type"":""Gem"",""name"":""Smaragd-Scherbe"",""expansion"":""AE"",""id"":""EmeraldShard"",""cost"":0,""effect"":""\n            <p>\n              Erhalte 1 <span class=\""aether\"">&AElig;</span>.\n              <span class=\""or\"">ODER</span>\n              Wähle 1 Spieler, der 1 Leben heilt.\n            </p>\n          "",""keywords"":[]}]"
AE,Lash,Lash,Riss-Magier-Späher,"
        <h2>Blitzschnell Reagieren</h2>
        <p class=""ability-activation"">Im SPIELER-ZUG DEINER WAHL während <i>Aktionen ausführen</i>:</p>
        <p>Mische die Spieler-Reihenfolgekarte 1 Spielers deiner 
          Wahl zurück in das Reihenfolgedeck und füge diesem 
          Spieler 1 Schaden zu.
        </p>
      ",5,"[{""type"":""Gem"",""name"":""Quartz-Scherbe"",""expansion"":""AE"",""id"":""QuartzShard"",""cost"":0,""effect"":""\n            <p>\n              Erhalte 1 <span class=\""aether\"">&AElig;</span>.<br/>\n              Sieh dir die oberste Karte des Reihenfolgedecks an. Siehst du eine \n              Spieler-Reihenfolgekarte? Erhalte 1 <span class=\""aether\"">&AElig;</span>.<br/>\n              Dann darfst du die angesehene Karte unter das Deck schieben.\n            </p>\n          "",""keywords"":[]}]"
AE,Mist,Mist,Kapitänin der Dolchspitze,"
        <h2>Rat der Zukunft</h2>
        <p class=""ability-activation"">In DEINEM SPIELER-ZUG während <i>Aktionen ausführen</i>:</p>
        <p>Wähle 1 anderen Spieler, der 4 Karten zieht.</p>
      ",5,"[{""type"":""Gem"",""name"":""Granatium-Scherbe"",""expansion"":""AE"",""id"":""Garnet Shard"",""cost"":0,""effect"":""\n            <p>\n              Erhalte 1 <span class=\""aether\"">&AElig;</span>.\n              <span class=\""or\"">ODER</span>\n              Wähle 1 Spieler und wirke 1 seiner gebundenen Zauber.\n            </p>\n          "",""keywords"":[]}]"
AE,Phaedraxa,Phaedraxa,Riss-Magier-Seherin,"
        <h2>Rune der Vorsicht</h2>
        <p class=""ability-activation"">Direkt nachdem ihr eine REIHENFOLGEKARTE GEZOGEN habt:</p>
        <p>Verhindere in diesem Zug allen Schaden, der den Spielern 
          oder der <i>Feste der letzten Ruhe</i> zugefügt wird.
        </p>
      ",5,"[{""type"":""Gem"",""name"":""Turmalin-Scherbe"",""expansion"":""AE"",""id"":""TourmalineShard"",""cost"":0,""effect"":""\n            <p>\n              Erhalte 1 <span class=\""aether\"">&AElig;</span>.<br/>\n              Wähle 1 anderen Spieler. Dieser Spieler darf 1 Schaden erleiden, \n              um 1 Karte seiner Wahl auf seiner Hand zu zerstören.\n            </p>\n          "",""keywords"":[]}]"
AE,Xaxos,Xaxos,Riss-Magier-Adept,"
        <h2>Metaphysische Verbindung</h2>
        <p class=""ability-activation"">Im SPIELER-ZUG DEINER WAHL während <i>Aktionen ausführen</i>:</p>
        <p>Erhalte insgesamt 4 Energie und verteile sie auf andere Spieler deiner Wahl. 
          Decke alle Reihenfolgekarten auf und lege sie in einer Reihenfolge 
          deiner Wahl verdeckt zurück.
        </p>
      ",5,"[{""type"":""Spell"",""name"":""Leuchtfeuer"",""expansion"":""AE"",""id"":""Flare"",""cost"":0,""effect"":""\n            <p>\n              <b>Wirken:</b> Füge 1 Schaden zu.<br />\n              Sieh dir die oberste Karte des Reihenfolgedecks an. Siehst du eine Spieler-Reihenfolgekarte?<br />\n              +2 Schaden.\n            </p>\n          "",""keywords"":[]}]"
