expansion,name,id,mageTitle,ability,numberOfCharges,uniqueStarters
OD,Indira,Indira,Breach Apprentice,"
        <h2>Pyromancer's Guile</h2>
        <p class=""ability-activation"">Activate during your main phase:</p>
        <p>Cast any number of spells in hand. Those spells each 
        deal 1 additional damage.</p>
        <p>You may destroy a card in your discard pile.</p>
      ",4,"[{""type"":""Gem"",""name"":""Twin Opal"",""expansion"":""OD"",""id"":""TwinOpal"",""cost"":0,""effect"":""\n            <p>\n              Gain 1 <span class=\""aether\"">&AElig;</span>.<br/>\n              You may cast a spell in hand.\n            </p>\n          "",""keywords"":[]}]"
OD,Remnant,Remnant,Aethereal Entity,"
        <h2>Ephemera Masque</h2>
        <p class=""ability-activation"">Activate during your main phase:</p>
        <p>Any ally returns two cards in their discard pile to their hand.
        <span class=""or"">OR</span>
        Gravehold gains 5 life.</p>
      ",5,"[{""type"":""Gem"",""name"":""Void Shard"",""expansion"":""OD"",""id"":""VoidShard"",""cost"":0,""effect"":""\n            <p>\n              Gain 1 <span class=\""aether\"">&AElig;</span>.<br/>\n              Gain an additional 1 <span class=\""aether\"">&AElig;</span> that can only \n              be used to focus or open a breach.\n            </p>\n          "",""keywords"":[]}]"
