id,expansion,tier,type,name,hp,effect
LabyrinthWisp-OD,OD,1,Minion,Kłąb Dymu,5,"
      <p>
        <b>TRWAŁY:</b> Dowolny gracz odrzuca przygotowane Zaklęcie.<br />
        <br />
        <span class=""or"">ALBO</span><br />
        <br />
        Dowolny gracz traci 1 Ładunek.
      </p>
    "
Assail-OD,OD,2,Attack,Napaść,,"
      <p>
        Dwukrotne Wyzwolenie.<br />
        <br />
        Gracz z najdroższym przygotowanym Zaklęciem odkłada to Zaklęcie na wierzch swojej talii.
      </p>
    "
DireAbbatoir-OD,OD,3,Power,Straszliwa Rzeź,,"
      <p>
        <b>ABY ODRZUCIĆ:</b> Wydaj 8 <span class=""aether"">&AElig;</span>.<br />
        <br />
        <b>MOC 2:</b> Gracz z największą liczbą punktów życia otrzymuje obrażenia równe tej liczbie.
      </p>
    "
