expansion,name,id,mageTitle,ability,numberOfCharges,uniqueStarters
OD,Indira,Indira,Pomocnik Magów Bram,"
        <h2>Podstęp Piromanty</h2>
        <p class=""ability-activation"">Użyj podczas swojej fazy głównej:</p>
        <p>Aktywuj dowolną liczbę Zaklęć z ręki. Każde z tych Zaklęć zadaje 1 dodatkowe obrażenie.</p>
        <p>Możesz zniszczyć jedną kartę ze swojego stosu kart odrzuconych.</p>
      ",4,"[{""type"":""Gem"",""name"":""Bliźniaczy opal"",""expansion"":""OD"",""id"":""TwinOpal"",""cost"":0,""effect"":""\n            <p>\n              Otrzymujesz 1 <span class=\""aether\"">&AElig;</span>.<br/>\n              Możesz aktywować Zaklęcie z ręki.\n            </p>\n          "",""keywords"":[]}]"
OD,Remnant,Remnant,Stworzenie z Eteru,"
        <h2>Efemeryczna Maska</h2>
        <p class=""ability-activation"">Użyj podczas swojej fazy głównej:</p>
        <p>Dowolny sojusznik bierze z powrotem na rękę dwie karty ze swojego stosu kart odrzuconych.
        <span class=""or"">ALBO</span>
        Gravehold otrzymuje 5 żywotności.</p>
      ",5,"[{""type"":""Gem"",""name"":""Odłamek Otchłani"",""expansion"":""OD"",""id"":""VoidShard"",""cost"":0,""effect"":""\n            <p>\n              Otrzymujesz 1 <span class=\""aether\"">&AElig;</span>.<br/>\n              Otrzymujesz dodatkowy 1 <span class=\""aether\"">&AElig;</span>, którego możesz użyć tylko do wzmocnienia \n              lub otwarcia Bramy.\n            </p>\n          "",""keywords"":[]}]"
