type,expansion,name,id,cost,effect,keywords
Relic,Nameless,Molten Hammer,MoltenHammer,5,"
      <p>
        Gain 1 charge.<br/>
        You may destroy a card in hand or on top of any player's discard pile.
      </p>
        ",[]
Spell,Nameless,Radiance,Radiance,8,"
      <p>
      <b>Cast:</b> Deal 5 damage.<br/>
      Each ally draws a card.
        </p>
      ",[]
Spell,Nameless,Blaze,Blaze,4,"
      <p>
        When you gain this, you may place it on top of any player's discard pile.<br/>
          <b>Cast:</b> Deal 2 damage.<br/>
        Deal 1 additional damage for each other time you have cast Blaze this 
          turn and for each other Blaze you currently have prepped.
        </p>
            ",[]
Spell,Nameless,Scrying Bolt,ScryingBolt,6,"
      <p>
      <b>Cast:</b> Deal 5 damage.<br/>
      You may lose 1 charge. If you do, reveal the top two cards of the 
      nemesis deck. Return them in any order.
        </p>
      ",[]
Spell,Nameless,Sages Brand,SagesBrand,7,"
      <p>
        This spell must be prepped to two adjacent breaches so that this card 
        touches both breaches. This fully occupies both breaches.<br/>
        While prepped, draw an additional card during your draw phase.<br/>
        <b>Cast:</b> Deal 6 damage.
        </p>
        ",[]
Gem,Nameless,Leeching Agate,LeechingAgate,3,"
      <p>
        When you gain this, gain 1 charge.<br/>
        Gain 2 <span class=""aether"">&AElig;</span>.
      </p>
        ",[]
Relic,Nameless,Temporal Helix,TemporalHelix,7,"
      <p>
      Cast any player's prepped spell without discarding it.
      </p>
      ",[]
